Workbook

Sheet !! LICENSE - READ FIRST !!
AA1: License-ID: CN-NIST-CSF-SMB-20260522-001
B2: LICENSE AND TERMS OF USE | AA2: CN-UK-CE-1.0-20260611-01
B3: Cyber Essentials Assessment Workplan
B4: Copyright 2026 Cyber Native. Contact: hello@cybernative.uk
B5: By using, opening, or adapting this workbook you confirm that you have read and agree to the terms below. Commercial use requires a separate license. Contact hello@cybernative.uk for details.
B7: 1. License
B8: Creative Commons BY-NC-SA 4.0 | C8: creativecommons.org/licenses/by-nc-sa/4.0
B9: This Cyber Essentials Assessment Workplan (the "Workplan") is published by Cyber Native and licensed under the Creative Commons Attribution-NonCommercial-ShareAlike 4.0 International License (CC BY-NC-SA 4.0). By using, adapting, or sharing this Workplan you agree to the conditions set out below.
B11: 2. License Conditions
B12: BY - Attribution | C12: Credit must be given to Cyber Native as the originating author. The CC BY-NC-SA 4.0 license identifier and a link to creativecommons.org/licenses/by-nc-sa/4.0 must be retained on all copies and adaptations. Attribution must not suggest that Cyber Native endorses any particular use unless separately agreed in writing.
B13: NC - Non-Commercial | C13: The Workplan may not be used for commercial purposes. This includes, without limitation, paid consulting or advisory engagements delivered to third-party clients; embedding the assessment logic or methodology in a commercial software or SaaS product; and use as a primary resource in paid training, workshops, or certification programs. Commercial use requires a separate license from Cyber Native. Contact hello@cybernative.uk for details.
B14: SA - Share-Alike | C14: Adaptations of the Workplan are permitted for internal use and internal circulation within a single organisation. Internal adaptation and internal circulation do not constitute external distribution and therefore do not trigger the Share-Alike condition. Where an adaptation is shared externally (made available to any party outside the adapting organisation) it must be distributed under the same CC BY-NC-SA 4.0 license terms. No additional restrictions may be applied to externally shared adaptations beyond those in this license.
B16: 3. Third-Party Rights and Acknowledgements
B17: This Workplan references material published by third-party organisations. Those rights are unaffected by this license. Users of this Workplan remain independently bound by the original terms applicable to any such referenced material.
B18: Open Government Licence v3.0 (OGL v3.0) | C18: Contains public sector information published by the National Cyber Security Centre (NCSC) and licensed under the Open Government Licence v3.0. OGL v3.0 terms: nationalarchives.gov.uk/doc/open-government-licence/version/3 Crown copyright 2026.
B20: 4. Attribution and Integrity
B21: All copies and adaptations must retain this license notice and credit Cyber Native as the originating author of the Workplan. The Workplan must not be represented as the original work of any other individual or organisation.
B23: 5. No Warranty
B24: The Workplan is provided on an "as-is" basis. It does not constitute legal, regulatory, or professional advice. No liability is accepted for decisions made in reliance on its outputs.
B26: Cyber Native | cybernative.uk | Licensed under CC BY-NC-SA 4.0 | Cyber Essentials Assessment Workplan | 2026

Sheet Cover
A1: Cyber Essentials Assessment Workplan
A3: Document Details
A4: Organisation Name | B4: [To be completed]
A5: Lead Assessor | B5: [To be completed]
A6: Assessment Date | B6: [To be completed]
A7: Assessment Completion Date (actual or target) | B7: [To be completed]
A8: Board Signatory | B8: [To be completed]
A9: Document Reference | B9: CN-CE-WORKPLAN-v1.0
A10: Document Version | B10: v1.0
A11: Classification | B11: Confidential
A12: Date Issued | B12: 46174
A14: Methodology Note
A15: This workplan maps all requirements from Cyber Essentials: Requirements for IT Infrastructure v3.3 (National Cyber Security Centre, April 2026) as discrete, individually assessed items. All 32 requirement items are assessed on a binary pass or fail basis. All items within a Domain must pass for the Domain Aim to be met. All five Domain Aims must be met for the organisation to be eligible to submit for Cyber Essentials certification. Assessment questions in this workplan are authored by Cyber Native. Requirement text in Column F of the Controls Assessment is reproduced verbatim from CE v3.3 under the Open Government Licence v3.0.

Sheet Instructions
A1: Cyber Essentials Assessment Workplan - Instructions
A2: Purpose
A3: This workplan enables structured pre-formal-assessment evidence gathering in preparation for Cyber Essentials certification under CE v3.3. Complete the Scope and Org Context sheet before commencing the Controls Assessment. Can also be used to demonstrate efforts to the Certification Body at submission or to support client due dilligence process in suply chain assessments.
A5: How to Use the Controls Assessment
A6: Each row represents one discrete requirement item drawn verbatim from CE v3.3. Complete Column J (Assessed Value) using the dropdown provided. Record evidence in Column O. Record the responsible contact in Column R. Column N calculates Pass or Fail automatically. All items must pass for CE certification eligibility.
A8: Binary Items (Column J: YES / NO / N/A)
A9: Select YES if the requirement is fully met and evidenced. Select NO if the requirement is not met - this generates a FAIL and will populate the Remediation Plan. Select N/A only where the requirement genuinely does not apply to the organisation's specific context. Record the justification for any N/A selection in Column S (Assessor Notes).
A11: At-least-one-of Items (multiple options in Column J)
A12: Several requirements permit compliance via any one of a defined set of options. For these items, select the option that is implemented from the dropdown. Selecting any valid option generates a PASS. Select None - not implemented to record a FAIL. Record the detail of implementation in Column S (Assessor Notes).
A14: Conditional Items (MP-02 and MP-03)
A15: MP-02 (Anti-malware Configuration) applies only where Option A: Anti-malware software is selected for MP-01. MP-03 (Application Allow Listing Configuration) applies only where Option B: Application allow listing is selected for MP-01. The non-applicable row will dim automatically based on the MP-01 selection. Select the Not applicable option in Column J for the non-applicable item.
A17: Remediation Plan and Remediation Index
... A20: Controls Assessment Column Reference
A21: Column | B21: Reference | C21: Field Description and Purpose
A22: A | B22: Domain | C22: Filter anchor. Groups items by the five CE technical control domains. Use the AutoFilter to filter by domain.
A23: B | B23: Requirement ID | C23: Abbreviated domain code: FW, SC, SUM, UAC, PW, or MP.
A24: C | B24: Requirement Title | C24: Short descriptive title for each requirement item.
A25: D | B25: Applies To | C25: Device and service types to which this requirement applies, as stated in CE v3.3.
A26: E | B26: Item Reference | C26: Unique reference for each requirement item, e.g., FW-01.
A27: F | B27: Requirement Item | C27: Verbatim requirement text from CE v3.3. Crown Copyright. Do not edit.
A28: G | B28: Assessment Question | C28: Plain-language question authored by Cyber Native to guide the assessor.
A29: H | B29: Example Evidence | C29: Description of evidence to substantiate a PASS assessment.
A30: I | B30: Pass Condition | C30: Explicit condition that must be met for this item to pass.
A31: J | B31: Assessed Value | C31: Assessor input. Select from the dropdown. This is the only column requiring assessor input for scoring.
A32: K | B32: Denominator | C32: Fixed value of 1. Binary assessment denominator. Do not edit.
... A42: U | B42: Reviewed By | C42: Assessor input. Name of the reviewer who validated the assessment.

Sheet Scope and Org Context
A1: Scope and Organisational Context
A2: Complete this sheet before commencing the Controls Assessment. Scope decisions recorded here determine which requirement items apply and provide the context for the IASME self-assessment submission.
A4: 1. Scope Boundary
A5: Is this assessment for the whole organisation or a partial scope?
A6: If partial, describe the scope boundary in full
A7: Are any networks excluded from scope? If so, describe the sub-set isolation method (firewall or VLAN required)
A8: List all in-scope networks with name, location and purpose
A9: Do all in-scope sites have an internet connection?
A10: If sites are interconnected without direct internet, describe the connection method
A12: 2. Device Inventory Summary
A13: Total number of laptops and desktop computers in scope (include make and operating system summary)
A14: Total number of servers and virtual servers in scope (include make and operating system)
... A39: If yes, are development, testing, and penetration testing networks segregated from production by firewall or VLAN?

Sheet Controls Assessment
A1: Cyber Essentials Assessment Workplan v1.0 - Controls Assessment
A3: Domain | B3: Req ID | C3: Requirement Title | D3: Applies To | E3: Item Ref | F3: Requirement Item (CE v3.3 verbatim) | G3: Assessment Question | H3: Example Evidence | I3: Pass Condition | J3: Assessed Value | K3: Denom. | L3: Score | M3: Threshold | N3: Pass / Fail | O3: Evidence Collected | P3: Suggested Evidence Artefacts | Q3: Responsible Function | R3: Key Contact | S3: Assessor Notes | T3: Assessment Date | U3: Reviewed By
A4: 1. Firewalls | B4: FW | C4: Firewall Coverage | D4: Boundary firewalls, desktop computers, laptops, routers, servers, IaaS, PaaS, SaaS | E4: FW-01 | F4: Protect every device in scope with a correctly configured firewall (or network device with firewall functionality). | G4: Is every in-scope device protected by a correctly configured firewall or network device with equivalent functionality? | H4: Network topology diagram; device inventory with firewall coverage mapped; firewall configuration records | I4: All in-scope devices are covered by a correctly configured firewall. Answer YES to pass. | K4: 1 | L4: =IF(J4="","",IF(J4="YES",1,IF(J4="N/A","N/A",0))) | M4: 1 | N4: =IF(J4="","",IF(L4="N/A","N/A",IF(L4=1,"PASS","FAIL"))) | P4: Network diagram; firewall configuration exports; device inventory with coverage mapping | Q4: IT / Network Operations
A5: 1. Firewalls | B5: FW | C5: Software Firewall on Untrusted Networks | D5: Desktop computers, laptops, servers | E5: FW-02 | F5: Make sure you use a software firewall on devices which are used on untrusted networks, such as public Wi-Fi hotspots. | G5: Are software firewalls enabled on all devices that connect to untrusted networks such as public Wi-Fi? | H5: Software firewall policy; device configuration records; MDM policy screenshots | I5: Software firewall enabled on all devices used on untrusted networks. Answer YES to pass. | K5: 1 | L5: =IF(J5="","",IF(J5="YES",1,IF(J5="N/A","N/A",0))) | M5: 1 | N5: =IF(J5="","",IF(L5="N/A","N/A",IF(L5=1,"PASS","FAIL"))) | P5: MDM policy; device configuration screenshots; firewall status records | Q5: IT / Endpoint Management
A6: 1. Firewalls | B6: FW | C6: Default Administrative Password Change | D6: Boundary firewalls, routers | E6: FW-03 | F6: Change default administrative passwords to a strong and unique password (see password-based authentication) or disable remote administrative access entirely. | G6: Have all default administrative passwords on boundary firewalls and routers been changed, or has remote administrative access been disabled? | H6: Password change records; firewall configuration confirming no default credentials; or documentation of disabled remote admin access | I6: All default administrative passwords changed to strong unique passwords, or remote admin access disabled. Answer YES to pass. | K6: 1 | L6: =IF(J6="","",IF(J6="YES",1,IF(J6="N/A","N/A",0))) | M6: 1 | N6: =IF(J6="","",IF(L6="N/A","N/A",IF(L6=1,"PASS","FAIL"))) | P6: Change management records; firewall configuration export; IT policy documentation | Q6: IT / Network Operations
A7: 1. Firewalls | B7: FW | C7: Administrative Interface Access Control | D7: Boundary firewalls, routers | E7: FW-04 | F7: Prevent access to the administrative interface (used to manage firewall configuration) from the internet, unless there is a clear and documented business need, and the interface is protected by one of the following controls: multi-factor authentication; or an IP allow list that limits access to a small range of trusted addresses combined with a properly managed password authentication approach. | G7: Is the firewall administrative interface blocked from internet access, or where internet access is required, is it protected by MFA or an IP allow list with managed password authentication? | H7: Firewall configuration records; business case documentation if internet access is permitted; MFA or IP allow list configuration evidence | I7: Admin interface blocked from internet, or if permitted, protected by MFA or IP allow list. Select applicable option. | K7: 1 | L7: =IF(J7="","",IF(J7="N/A - Interface not internet-facing","N/A",IF(J7="None - not implemented",0,1))) | M7: 1 | N7: =IF(J7="","",IF(L7="N/A","N/A",IF(L7=1,"PASS","FAIL"))) | P7: Firewall configuration export; MFA configuration; IP allow list documentation; business case approval | Q7: IT / Network Operations
A8: 1. Firewalls | B8: FW | C8: Block Unauthenticated Inbound Connections | D8: Boundary firewalls | E8: FW-05 | F8: Block unauthenticated inbound connections by default. | G8: Is the firewall configured to block all unauthenticated inbound connections by default? | H8: Firewall rule set confirming default deny for inbound unauthenticated connections; configuration export | I8: Firewall blocks unauthenticated inbound connections by default. Answer YES to pass. | K8: 1 | L8: =IF(J8="","",IF(J8="YES",1,IF(J8="N/A","N/A",0))) | M8: 1 | N8: =IF(J8="","",IF(L8="N/A","N/A",IF(L8=1,"PASS","FAIL"))) | P8: Firewall rule set export; configuration screenshot; security scan confirming default deny | Q8: IT / Network Operations
A9: 1. Firewalls | B9: FW | C9: Inbound Rule Approval and Documentation | D9: Boundary firewalls | E9: FW-06 | F9: Ensure inbound firewall rules are approved and documented by an authorised person, and include the business need in the documentation. | G9: Are all inbound firewall rules approved and documented by an authorised person with the business need recorded? | H9: Firewall rule register or change log; approval records for each inbound rule with business justification | I9: All inbound firewall rules are approved and documented with business need. Answer YES to pass. | K9: 1 | L9: =IF(J9="","",IF(J9="YES",1,IF(J9="N/A","N/A",0))) | M9: 1 | N9: =IF(J9="","",IF(L9="N/A","N/A",IF(L9=1,"PASS","FAIL"))) | P9: Firewall rule register; change management records; approval records for each inbound rule | Q9: IT / Network Operations
A10: 1. Firewalls | B10: FW | C10: Removal of Unnecessary Firewall Rules | D10: Boundary firewalls | E10: FW-07 | F10: Remove or disable unnecessary firewall rules, when they are no longer needed. | G10: Is there an operational process to remove or disable firewall rules when they are no longer needed, and is it being followed? | H10: Firewall review records; process documentation for rule removal; evidence of periodic rule audits | I10: Unnecessary firewall rules are removed or disabled. A review process is evidenced. Answer YES to pass. | K10: 1 | L10: =IF(J10="","",IF(J10="YES",1,IF(J10="N/A","N/A",0))) | M10: 1 | N10: =IF(J10="","",IF(L10="N/A","N/A",IF(L10=1,"PASS","FAIL"))) | P10: Firewall review log; rule removal records; process documentation | Q10: IT / Network Operations
A11: 2. Secure Configuration | B11: SC | C11: Removal of Unnecessary User Accounts | D11: Servers, desktop computers, laptops, tablets, mobile phones, thin clients, IaaS, PaaS, SaaS | E11: SC-01 | F11: Remove and disable unnecessary user accounts (such as guest accounts and administrative accounts that will not be used). | G11: Have all unnecessary user accounts including guest accounts and unused administrative accounts been removed or disabled? | H11: User account inventory; evidence of account review and removal; identity management records | I11: Unnecessary user accounts removed or disabled across all in-scope systems. Answer YES to pass. | K11: 1 | L11: =IF(J11="","",IF(J11="YES",1,IF(J11="N/A","N/A",0))) | M11: 1 | N11: =IF(J11="","",IF(L11="N/A","N/A",IF(L11=1,"PASS","FAIL"))) | P11: User account inventory; identity management exports; Active Directory or cloud directory records | Q11: IT / Identity and Access Management
A12: 2. Secure Configuration | B12: SC | C12: Default and Guessable Password Changes | D12: Servers, desktop computers, laptops, tablets, mobile phones, thin clients, IaaS, PaaS, SaaS | E12: SC-02 | F12: Change any default or guessable account passwords. | G12: Have all default or guessable account passwords been changed on all in-scope devices and services? | H12: Password policy; evidence that default credentials are changed at deployment; configuration records | I12: All default or guessable passwords changed on all in-scope devices and services. Answer YES to pass. | K12: 1 | L12: =IF(J12="","",IF(J12="YES",1,IF(J12="N/A","N/A",0))) | M12: 1 | N12: =IF(J12="","",IF(L12="N/A","N/A",IF(L12=1,"PASS","FAIL"))) | P12: Password policy; configuration records; deployment checklist; vulnerability scan results | Q12: IT / Identity and Access Management
A13: 2. Secure Configuration | B13: SC | C13: Removal of Unnecessary Software | D13: Servers, desktop computers, laptops, tablets, mobile phones, thin clients, IaaS, PaaS, SaaS | E13: SC-03 | F13: Remove or disable unnecessary software (including applications, system utilities and network services). | G13: Has unnecessary software including applications, system utilities and network services been removed or disabled? | H13: Software inventory; evidence of software review and removal; endpoint management records | I13: Unnecessary software removed or disabled across all in-scope devices. Answer YES to pass. | K13: 1 | L13: =IF(J13="","",IF(J13="YES",1,IF(J13="N/A","N/A",0))) | M13: 1 | N13: =IF(J13="","",IF(L13="N/A","N/A",IF(L13=1,"PASS","FAIL"))) | P13: Software inventory; MDM policy; application removal records; device build standards | Q13: IT / Endpoint Management
A14: 2. Secure Configuration | B14: SC | C14: Auto-run Disabled | D14: Servers, desktop computers, laptops | E14: SC-04 | F14: Disable any auto-run feature which allows file execution without user authorisation (such as when they are downloaded). | G14: Is the auto-run feature disabled on all in-scope devices to prevent automatic file execution? | H14: Group Policy or MDM configuration records; device configuration screenshots confirming auto-run is disabled | I14: Auto-run disabled on all in-scope devices. Answer YES to pass. | K14: 1 | L14: =IF(J14="","",IF(J14="YES",1,IF(J14="N/A","N/A",0))) | M14: 1 | N14: =IF(J14="","",IF(L14="N/A","N/A",IF(L14=1,"PASS","FAIL"))) | P14: Group Policy export; MDM policy records; device configuration screenshots | Q14: IT / Endpoint Management
A15: 2. Secure Configuration | B15: SC | C15: Authentication Before Data Access | D15: Servers, desktop computers, laptops, tablets, mobile phones, thin clients, IaaS, PaaS, SaaS | E15: SC-05 | F15: Ensure users are authenticated before allowing them access to organisational data or services. | G15: Are all users required to authenticate before being granted access to organisational data or services? | H15: Authentication configuration records; identity management policy; evidence that no unauthenticated access is permitted | I15: All users authenticate before accessing organisational data or services. Answer YES to pass. | K15: 1 | L15: =IF(J15="","",IF(J15="YES",1,IF(J15="N/A","N/A",0))) | M15: 1 | N15: =IF(J15="","",IF(L15="N/A","N/A",IF(L15=1,"PASS","FAIL"))) | P15: Identity management records; authentication configuration; access control policy | Q15: IT / Identity and Access Management
A16: 2. Secure Configuration | B16: SC | C16: Device Locking Controls | D16: Servers, desktop computers, laptops, tablets, mobile phones, thin clients | E16: SC-06 | F16: Ensure appropriate device locking controls for users that are physically present. | G16: Are appropriate device locking controls in place on all in-scope devices? | H16: MDM policy or device configuration records showing screen lock and timeout settings | I16: Appropriate device locking controls in place on all in-scope devices. Answer YES to pass. | K16: 1 | L16: =IF(J16="","",IF(J16="YES",1,IF(J16="N/A","N/A",0))) | M16: 1 | N16: =IF(J16="","",IF(L16="N/A","N/A",IF(L16=1,"PASS","FAIL"))) | P16: MDM policy records; device configuration screenshots; screen lock timeout settings | Q16: IT / Endpoint Management
A17: 2. Secure Configuration | B17: SC | C17: Brute-force Protection for Device Unlock | D17: Desktop computers, laptops, tablets, mobile phones | E17: SC-07 | F17: Protect your chosen authentication method against brute-force attacks. When it is possible to configure, apply one of the following: throttling the rate of attempts so that no more than 10 guesses are permitted in 5 minutes; or locking devices after no more than 10 unsuccessful attempts. When the vendor does not allow you to configure the above, use the vendor default setting. | G17: Is device unlock protected against brute-force attacks through throttling, lockout, or vendor default where configuration is not possible? | H17: MDM policy or device configuration records showing throttling or lockout settings; vendor documentation where vendor default applied | I17: Brute-force protection applied to device unlock. Select the option implemented. | K17: 1 | L17: =IF(J17="","",IF(J17="None - not implemented",0,1)) | M17: 1 | N17: =IF(J17="","",IF(L17="N/A","N/A",IF(L17=1,"PASS","FAIL"))) | P17: MDM policy records; device configuration screenshots; vendor documentation | Q17: IT / Endpoint Management
A18: 2. Secure Configuration | B18: SC | C18: Minimum Credential Length for Device Unlock | D18: Desktop computers, laptops, tablets, mobile phones | E18: SC-08 | F18: Use a minimum password or PIN length of at least 6 characters where credentials are used only to unlock a device. When the device unlocking credentials are also used for authentication, apply the full password requirements described in User Access Controls. | G18: Is a minimum credential length of at least 6 characters enforced for credentials used solely to unlock a device? | H18: MDM policy or device configuration records showing minimum PIN or password length | I18: Minimum 6-character credential length enforced for device-unlock-only credentials. Answer YES to pass. | K18: 1 | L18: =IF(J18="","",IF(J18="YES",1,IF(J18="N/A","N/A",0))) | M18: 1 | N18: =IF(J18="","",IF(L18="N/A","N/A",IF(L18=1,"PASS","FAIL"))) | P18: MDM policy records; device configuration screenshots; device build standards | Q18: IT / Endpoint Management
A19: 3. Security Update Management | B19: SUM | C19: Licensed and Supported Software | D19: Servers, desktop computers, laptops, tablets, mobile phones, firewalls, routers, IaaS, PaaS, SaaS | E19: SUM-01 | F19: All software on in-scope devices must be licensed and supported. | G19: Is all software on in-scope devices licensed and supported by the vendor? | H19: Software inventory with licence and support status; vendor support lifecycle records | I19: All in-scope software is licensed and vendor-supported. Answer YES to pass. | K19: 1 | L19: =IF(J19="","",IF(J19="YES",1,IF(J19="N/A","N/A",0))) | M19: 1 | N19: =IF(J19="","",IF(L19="N/A","N/A",IF(L19=1,"PASS","FAIL"))) | P19: Software inventory; licence records; vendor support lifecycle documentation | Q19: IT / Asset Management
A20: 3. Security Update Management | B20: SUM | C20: Removal of Unsupported Software | D20: Servers, desktop computers, laptops, tablets, mobile phones, firewalls, routers, IaaS, PaaS, SaaS | E20: SUM-02 | F20: All software on in-scope devices must be removed from devices when it becomes unsupported, or removed from scope by using a defined sub-set that prevents all traffic to or from the internet. | G20: Is unsupported software removed from in-scope devices, or isolated by a defined sub-set that prevents all internet traffic? | H20: Evidence of unsupported software removal or isolation; network segmentation documentation | I20: Unsupported software removed or device fully isolated from internet by defined sub-set. Answer YES to pass. | K20: 1 | L20: =IF(J20="","",IF(J20="YES",1,IF(J20="N/A","N/A",0))) | M20: 1 | N20: =IF(J20="","",IF(L20="N/A","N/A",IF(L20=1,"PASS","FAIL"))) | P20: Software removal records; network segmentation documentation; firewall or VLAN configuration | Q20: IT / Asset Management
A21: 3. Security Update Management | B21: SUM | C21: Automatic Updates Enabled | D21: Servers, desktop computers, laptops, tablets, mobile phones, firewalls, routers, IaaS, PaaS, SaaS | E21: SUM-03 | F21: All software on in-scope devices must have automatic updates enabled where possible. | G21: Are automatic updates enabled on all in-scope devices and software where the option is available? | H21: MDM or endpoint management policy confirming automatic updates; device configuration records | I21: Automatic updates enabled wherever possible. Answer YES to pass. | K21: 1 | L21: =IF(J21="","",IF(J21="YES",1,IF(J21="N/A","N/A",0))) | M21: 1 | N21: =IF(J21="","",IF(L21="N/A","N/A",IF(L21=1,"PASS","FAIL"))) | P21: MDM policy; Windows Update or equivalent configuration; patch management reports | Q21: IT / Patch Management
A22: 3. Security Update Management | B22: SUM | C22: Critical Updates Applied Within 14 Days | D22: Servers, desktop computers, laptops, tablets, mobile phones, firewalls, routers, IaaS, PaaS, SaaS | E22: SUM-04 | F22: All software on in-scope devices must be updated, including vulnerability fixes, within 14 days of release, where the update fixes vulnerabilities described by the vendor as critical or high risk; or the update addresses vulnerabilities with a CVSS v3 base score of 7 or above; or there are no details of the level of vulnerabilities that the update fixes provided by the vendor. | G22: Are all critical and high-risk vulnerability updates applied to in-scope devices within 14 days of release? | H22: Patch management reports showing update deployment dates; vulnerability scan results; evidence of 14-day compliance | I22: Critical and high-risk updates applied within 14 days. Evidence of compliance for recent updates. Answer YES to pass. | K22: 1 | L22: =IF(J22="","",IF(J22="YES",1,IF(J22="N/A","N/A",0))) | M22: 1 | N22: =IF(J22="","",IF(L22="N/A","N/A",IF(L22=1,"PASS","FAIL"))) | P22: Patch management reports; vulnerability scan results; deployment records from patch management tooling | Q22: IT / Patch Management
A23: 4. User Access Control | B23: UAC | C23: User Account Approval Process | D23: Servers, desktop computers, laptops, tablets, mobile phones, IaaS, PaaS, SaaS | E23: UAC-01 | F23: Your organisation must have in place a process to create and approve user accounts. | G23: Is there a documented and operational process for creating and approving user accounts? | H23: User account creation and approval process documentation; evidence of process in operation | I23: A documented process for creating and approving user accounts exists and is in use. Answer YES to pass. | K23: 1 | L23: =IF(J23="","",IF(J23="YES",1,IF(J23="N/A","N/A",0))) | M23: 1 | N23: =IF(J23="","",IF(L23="N/A","N/A",IF(L23=1,"PASS","FAIL"))) | P23: Account creation policy; approval workflow documentation; sample approval records | Q23: IT / Identity and Access Management
A24: 4. User Access Control | B24: UAC | C24: Unique Credentials for Authentication | D24: Servers, desktop computers, laptops, tablets, mobile phones, IaaS, PaaS, SaaS | E24: UAC-02 | F24: Your organisation must authenticate users with unique credentials before granting access to applications or devices. | G24: Are all users required to authenticate with unique individual credentials before being granted access to applications or devices? | H24: Identity management configuration; evidence that shared accounts are not used for individual access | I24: All users authenticate with unique credentials. Shared accounts not used for individual access. Answer YES to pass. | K24: 1 | L24: =IF(J24="","",IF(J24="YES",1,IF(J24="N/A","N/A",0))) | M24: 1 | N24: =IF(J24="","",IF(L24="N/A","N/A",IF(L24=1,"PASS","FAIL"))) | P24: Identity management records; user account inventory; authentication configuration | Q24: IT / Identity and Access Management
A25: 4. User Access Control | B25: UAC | C25: Removal of Redundant User Accounts | D25: Servers, desktop computers, laptops, tablets, mobile phones, IaaS, PaaS, SaaS | E25: UAC-03 | F25: Your organisation must remove or disable user accounts when they are no longer required (for example, when a user leaves the organisation or after a defined period of account inactivity). | G25: Are user accounts removed or disabled promptly when no longer required, including on departure and after defined inactivity? | H25: Leavers process documentation; evidence of timely account deactivation; account review records | I25: User accounts removed or disabled when no longer required. Process exists and is evidenced. Answer YES to pass. | K25: 1 | L25: =IF(J25="","",IF(J25="YES",1,IF(J25="N/A","N/A",0))) | M25: 1 | N25: =IF(J25="","",IF(L25="N/A","N/A",IF(L25=1,"PASS","FAIL"))) | P25: Leavers process records; joiner-mover-leaver records; account deactivation audit log | Q25: IT / Identity and Access Management
A26: 4. User Access Control | B26: UAC | C26: Multi-factor Authentication | D26: Servers, desktop computers, laptops, tablets, mobile phones, IaaS, PaaS, SaaS | E26: UAC-04 | F26: Implement MFA, where available, and authentication to cloud services must always use MFA. | G26: Is MFA implemented wherever available, and is MFA enforced without exception for all cloud service authentication? | H26: MFA configuration records for cloud services; evidence that cloud service access enforces MFA | I26: MFA applied wherever available. Cloud service authentication always uses MFA. Answer YES to pass. | K26: 1 | L26: =IF(J26="","",IF(J26="YES",1,IF(J26="N/A","N/A",0))) | M26: 1 | N26: =IF(J26="","",IF(L26="N/A","N/A",IF(L26=1,"PASS","FAIL"))) | P26: MFA configuration records; cloud service authentication settings; conditional access policy | Q26: IT / Identity and Access Management
A27: 4. User Access Control | B27: UAC | C27: Separate Administrative Accounts | D27: Servers, desktop computers, laptops, IaaS, PaaS, SaaS | E27: UAC-05 | F27: Use separate accounts to perform administrative activities only (no emailing, web browsing or other standard user activities that may expose administrative privileges to avoidable risks). | G27: Are separate dedicated accounts used for administrative activities only, with no standard user activities conducted from those accounts? | H27: Evidence of separate administrative accounts; account inventory showing separation; policy documentation | I27: Dedicated administrative accounts used for administrative activities only. Answer YES to pass. | K27: 1 | L27: =IF(J27="","",IF(J27="YES",1,IF(J27="N/A","N/A",0))) | M27: 1 | N27: =IF(J27="","",IF(L27="N/A","N/A",IF(L27=1,"PASS","FAIL"))) | P27: Account inventory; administrative account policy; evidence of separation | Q27: IT / Identity and Access Management
A28: 4. User Access Control | B28: UAC | C28: Removal of Unnecessary Privileges | D28: Servers, desktop computers, laptops, tablets, mobile phones, IaaS, PaaS, SaaS | E28: UAC-06 | F28: Remove or disable special access privileges when they are no longer required (when a member of staff changes role, for example). | G28: Is there a process to remove or disable special access privileges when no longer required, including on role change? | H28: Privilege review records; role change process documentation; evidence of privilege removal on role change | I28: Special access privileges removed or disabled when no longer required. Process evidenced. Answer YES to pass. | K28: 1 | L28: =IF(J28="","",IF(J28="YES",1,IF(J28="N/A","N/A",0))) | M28: 1 | N28: =IF(J28="","",IF(L28="N/A","N/A",IF(L28=1,"PASS","FAIL"))) | P28: Role change process records; privilege review log; access control audit records | Q28: IT / Identity and Access Management
A29: 4. User Access Control | B29: PW | C29: Brute-force Protection for Passwords | D29: Servers, desktop computers, laptops, tablets, mobile phones, IaaS, PaaS, SaaS | E29: PW-01 | F29: Passwords are protected against brute-force password guessing by implementing at least one of: multi-factor authentication; throttling the rate of attempts so that no more than 10 guesses are permitted in 5 minutes; or locking devices or accounts after no more than 10 unsuccessful attempts. | G29: Are user account passwords protected against brute-force attack through MFA, throttling, or account lockout? | H29: MFA configuration records; account lockout or throttling policy and configuration settings | I29: At least one brute-force protection mechanism implemented. Select the option in use. | K29: 1 | L29: =IF(J29="","",IF(J29="None - not implemented",0,1)) | M29: 1 | N29: =IF(J29="","",IF(L29="N/A","N/A",IF(L29=1,"PASS","FAIL"))) | P29: MFA configuration; account lockout policy; throttling configuration; identity management records | Q29: IT / Identity and Access Management
A30: 4. User Access Control | B30: PW | C30: Technical Password Quality Controls | D30: Servers, desktop computers, laptops, tablets, mobile phones, IaaS, PaaS, SaaS | E30: PW-02 | F30: Use technical controls to manage the quality of passwords. This will include one of the following: using multi-factor authentication; a minimum password length of at least 12 characters, with no maximum length restrictions; or a minimum password length of at least 8 characters, with no maximum length restrictions and use automatic blocking of common passwords using a deny list. | G30: Are technical controls in place to manage the quality of user passwords using MFA, a minimum length requirement, or an 8-character minimum with a deny list? | H30: Password policy configuration; directory settings confirming minimum length; deny list configuration or MFA configuration | I30: Technical password quality controls in place. Select the option implemented. | K30: 1 | L30: =IF(J30="","",IF(J30="None - not implemented",0,1)) | M30: 1 | N30: =IF(J30="","",IF(L30="N/A","N/A",IF(L30=1,"PASS","FAIL"))) | P30: Password policy configuration; directory settings; deny list configuration; MFA records | Q30: IT / Identity and Access Management
A31: 4. User Access Control | B31: PW | C31: User Support for Unique Passwords | D31: All in-scope accounts | E31: PW-03 | F31: Support users to choose unique passwords for their work accounts by: not enforcing regular password expiry; not enforcing password complexity requirements; and providing usable guidance and tooling to support users in choosing strong unique passwords. | G31: Does the organisation support users in choosing unique passwords by not enforcing expiry or complexity, and by providing guidance and tooling? | H31: Password policy confirming no mandatory expiry and no complexity enforcement; evidence of user password guidance or password manager provision | I31: Regular password expiry not enforced; complexity not enforced; user support provided. Answer YES to pass. | K31: 1 | L31: =IF(J31="","",IF(J31="YES",1,IF(J31="N/A","N/A",0))) | M31: 1 | N31: =IF(J31="","",IF(L31="N/A","N/A",IF(L31=1,"PASS","FAIL"))) | P31: Password policy; user guidance documentation; password manager deployment records | Q31: IT / Identity and Access Management
A32: 4. User Access Control | B32: PW | C32: Compromised Password Response Process | D32: All in-scope accounts | E32: PW-04 | F32: You should also make sure there is an established process in place to change passwords promptly if you know or suspect a password or account has been compromised. | G32: Is there an established and operational process to change passwords promptly when a compromise is known or suspected? | H32: Incident response procedure covering compromised credentials; evidence of process being operational | I32: A process for prompt password change on known or suspected compromise exists and is operational. Answer YES to pass. | K32: 1 | L32: =IF(J32="","",IF(J32="YES",1,IF(J32="N/A","N/A",0))) | M32: 1 | N32: =IF(J32="","",IF(L32="N/A","N/A",IF(L32=1,"PASS","FAIL"))) | P32: Incident response documentation; compromised credential procedure; evidence of process in practice | Q32: IT / Security Operations
A33: 5. Malware Protection | B33: MP | C33: Active Malware Protection Mechanism | D33: Servers, desktop computers, laptops, tablets, mobile phones, IaaS, PaaS, SaaS | E33: MP-01 | F33: You must make sure that a malware protection mechanism is active on all devices in scope. For each device, you must use at least one of the options: anti-malware software; or application allow listing. | G33: Is an active malware protection mechanism in place on all in-scope devices using anti-malware software or application allow listing? | H33: Anti-malware deployment records; application allow listing configuration; endpoint management records confirming coverage | I33: An active malware protection mechanism covers all in-scope devices. Select the option implemented. | K33: 1 | L33: =IF(J33="","",IF(J33="None - not implemented",0,1)) | M33: 1 | N33: =IF(J33="","",IF(L33="N/A","N/A",IF(L33=1,"PASS","FAIL"))) | P33: Anti-malware deployment records; allow listing policy and configuration; endpoint management dashboard | Q33: IT / Security Operations
A34: 5. Malware Protection | B34: MP | C34: Anti-malware Configuration | D34: Servers, desktop computers, laptops (Windows and macOS) | E34: MP-02 | F34: If you use anti-malware software to protect your device it must be configured to: be updated in line with vendor recommendations; prevent malware from running; prevent the execution of malicious code; and prevent connections to malicious websites over the internet. | G34: Where anti-malware software is in use, is it configured to update automatically, prevent malware and malicious code execution, and block connections to malicious websites? | H34: Anti-malware configuration records; vendor update settings; real-time protection settings; web filtering configuration | I34: Anti-malware software correctly configured as required. Applicable where Option A selected for MP-01. | K34: 1 | L34: =IF(J34="","",IF(OR(J34="N/A",J34="Not applicable - allow listing only"),"N/A",IF(J34="YES",1,0))) | M34: 1 | N34: =IF(J34="","",IF(L34="N/A","N/A",IF(L34=1,"PASS","FAIL"))) | P34: Anti-malware configuration screenshots; policy records; vendor management console exports | Q34: IT / Security Operations
A35: 5. Malware Protection | B35: MP | C35: Application Allow Listing Configuration | D35: All in-scope devices | E35: MP-03 | F35: If you use application allow listing: only approved applications, restricted by code signing, are allowed to execute on devices; you must actively approve such applications before deploying them to devices; and you must maintain a current list of approved applications, and users must not be able to install any application that is unsigned or has an invalid signature. | G35: Where application allow listing is in use, are only code-signed approved applications permitted to execute, with a current approved list maintained? | H35: Application allow listing policy; approved application inventory; code signing configuration; evidence that unsigned applications are blocked | I35: Application allow listing correctly implemented. Applicable where Option B selected for MP-01. | K35: 1 | L35: =IF(J35="","",IF(OR(J35="N/A",J35="Not applicable - anti-malware only"),"N/A",IF(J35="YES",1,0))) | M35: 1 | N35: =IF(J35="","",IF(L35="N/A","N/A",IF(L35=1,"PASS","FAIL"))) | P35: Allow listing policy; approved application list; code signing configuration; endpoint management records | Q35: IT / Security Operations

Sheet Progress Dashboard
A1: Cyber Essentials Certification Readiness Dashboard
A3: Panel 1 - Certification Readiness Summary
A4: Total Requirement Items | B4: 32 | C4: Passed | D4: =COUNTIF('Controls Assessment'!N4:N35,"PASS") -> 0 | E4: Failed | F4: =COUNTIF('Controls Assessment'!N4:N35,"FAIL") -> 0
A5: Not Assessed | B5: =COUNTBLANK('Controls Assessment'!N4:N35) -> 32 | C5: N/A | D5: =COUNTIF('Controls Assessment'!N4:N35,"N/A") -> 0 | E5: =IF(COUNTIF('Controls Assessment'!N4:N35,"FAIL")=0,IF(COUNTBLANK('Controls Assessment'!N4:N35)=0,"ELIGIBLE FOR SUBMISSION","ASSESSMENT INCOMPLETE"),"NOT ELIGIBLE - FAILURES PRESENT") -> ASSESSMENT INCOMPLETE
A7: Panel 2 - Domain Pass Rate
A8: Domain | B8: Items | C8: Passed | D8: Failed | E8: N/A | F8: Status
A9: 1. Firewalls | B9: 7 | C9: =COUNTIF('Controls Assessment'!N4:N10,"PASS") -> 0 | D9: =COUNTIF('Controls Assessment'!N4:N10,"FAIL") -> 0 | E9: =COUNTIF('Controls Assessment'!N4:N10,"N/A") -> 0 | F9: =IF(COUNTIF('Controls Assessment'!N4:N10,"FAIL")>0,"FAIL",IF(COUNTBLANK('Controls Assessment'!N4:N10)>0,"INCOMPLETE","PASS")) -> INCOMPLETE
A10: 2. Secure Configuration | B10: 8 | C10: =COUNTIF('Controls Assessment'!N11:N18,"PASS") -> 0 | D10: =COUNTIF('Controls Assessment'!N11:N18,"FAIL") -> 0 | E10: =COUNTIF('Controls Assessment'!N11:N18,"N/A") -> 0 | F10: =IF(COUNTIF('Controls Assessment'!N11:N18,"FAIL")>0,"FAIL",IF(COUNTBLANK('Controls Assessment'!N11:N18)>0,"INCOMPLETE","PASS")) -> INCOMPLETE
A11: 3. Security Update Management | B11: 4 | C11: =COUNTIF('Controls Assessment'!N19:N22,"PASS") -> 0 | D11: =COUNTIF('Controls Assessment'!N19:N22,"FAIL") -> 0 | E11: =COUNTIF('Controls Assessment'!N19:N22,"N/A") -> 0 | F11: =IF(COUNTIF('Controls Assessment'!N19:N22,"FAIL")>0,"FAIL",IF(COUNTBLANK('Controls Assessment'!N19:N22)>0,"INCOMPLETE","PASS")) -> INCOMPLETE
A12: 4. User Access Control | B12: 10 | C12: =COUNTIF('Controls Assessment'!N23:N32,"PASS") -> 0 | D12: =COUNTIF('Controls Assessment'!N23:N32,"FAIL") -> 0 | E12: =COUNTIF('Controls Assessment'!N23:N32,"N/A") -> 0 | F12: =IF(COUNTIF('Controls Assessment'!N23:N32,"FAIL")>0,"FAIL",IF(COUNTBLANK('Controls Assessment'!N23:N32)>0,"INCOMPLETE","PASS")) -> INCOMPLETE
A13: 5. Malware Protection | B13: 3 | C13: =COUNTIF('Controls Assessment'!N33:N35,"PASS") -> 0 | D13: =COUNTIF('Controls Assessment'!N33:N35,"FAIL") -> 0 | E13: =COUNTIF('Controls Assessment'!N33:N35,"N/A") -> 0 | F13: =IF(COUNTIF('Controls Assessment'!N33:N35,"FAIL")>0,"FAIL",IF(COUNTBLANK('Controls Assessment'!N33:N35)>0,"INCOMPLETE","PASS")) -> INCOMPLETE
A15: Panel 3 - Evidence Completeness
A16: Items with evidence recorded | B16: =COUNTA('Controls Assessment'!O4:O35) -> 0
A17: Items with assessed value entered | B17: =COUNTA('Controls Assessment'!J4:J35) -> 0
A18: Items with reviewer sign-off | B18: =COUNTA('Controls Assessment'!U4:U35) -> 0
A20: Panel 4 - Key Contact Coverage
A21: Items with a named key contact recorded | B21: =COUNTA('Controls Assessment'!R4:R35) -> 0 | C21: Out of total items | D21: 32
A23: Panel 5 - Assessment Items by Responsible Team
A24: Responsible Team | B24: Item Count
A25: IT / Identity and Access Management | B25: 12
A26: IT / Network Operations | B26: 6
A27: IT / Endpoint Management | B27: 6
A28: IT / Security Operations | B28: 4
A29: IT / Asset Management | B29: 2
A30: IT / Patch Management | B30: 2
A32: Panel 6 - Requirement Item Status Heat Map
A33: Item Ref | B33: Requirement Title | E33: Status | F33: Assessment Date
A34: FW-01 | B34: Firewall Coverage | E34: ='Controls Assessment'!N4 | F34: ='Controls Assessment'!T4 -> 0
A35: FW-02 | B35: Software Firewall on Untrusted Networks | E35: ='Controls Assessment'!N5 | F35: ='Controls Assessment'!T5 -> 0
A36: FW-03 | B36: Default Administrative Password Change | E36: ='Controls Assessment'!N6 | F36: ='Controls Assessment'!T6 -> 0
A37: FW-04 | B37: Administrative Interface Access Control | E37: ='Controls Assessment'!N7 | F37: ='Controls Assessment'!T7 -> 0
A38: FW-05 | B38: Block Unauthenticated Inbound Connections | E38: ='Controls Assessment'!N8 | F38: ='Controls Assessment'!T8 -> 0
A39: FW-06 | B39: Inbound Rule Approval and Documentation | E39: ='Controls Assessment'!N9 | F39: ='Controls Assessment'!T9 -> 0
A40: FW-07 | B40: Removal of Unnecessary Firewall Rules | E40: ='Controls Assessment'!N10 | F40: ='Controls Assessment'!T10 -> 0
A41: SC-01 | B41: Removal of Unnecessary User Accounts | E41: ='Controls Assessment'!N11 | F41: ='Controls Assessment'!T11 -> 0
A42: SC-02 | B42: Default and Guessable Password Changes | E42: ='Controls Assessment'!N12 | F42: ='Controls Assessment'!T12 -> 0
A43: SC-03 | B43: Removal of Unnecessary Software | E43: ='Controls Assessment'!N13 | F43: ='Controls Assessment'!T13 -> 0
A44: SC-04 | B44: Auto-run Disabled | E44: ='Controls Assessment'!N14 | F44: ='Controls Assessment'!T14 -> 0
A45: SC-05 | B45: Authentication Before Data Access | E45: ='Controls Assessment'!N15 | F45: ='Controls Assessment'!T15 -> 0
... A65: MP-03 | B65: Application Allow Listing Configuration | E65: ='Controls Assessment'!N35 | F65: ='Controls Assessment'!T35 -> 0

Sheet Remediation Plan
A1: REMEDIATION PLAN | K1: Q2 2026 | AH1: Q3 2026
D2: Remediation Start Date | F2: =IF(ISNUMBER(Cover!B7),Cover!B7+14,DATE(2026,6,22)) -> 46195 | G2: Update Assessment Completion Date on Cover sheet to shift all task dates | K2: June 2026 | AH2: July 2026 | BM2: August 2026 | CR2: September 2026
A3: Rows dim automatically when assessment status is PASS. Complete dates and owner for FAIL items.
A4: Domain | B4: Task ID | C4: Requirement Title | D4: Owner | E4: Start Date | F4: End Date | G4: Duration (days) | H4: % Complete | I4: RAG Status | J4: Dependencies | K4: 46181 | L4: 46182 | M4: 46183 | N4: 46184 | O4: 46185 | P4: 46186 | Q4: 46187 | R4: 46188 | S4: 46189 | T4: 46190 | U4: 46191 | V4: 46192 | W4: 46193 | X4: 46194 | Y4: 46195 | Z4: 46196 | AA4: 46197 | AB4: 46198 | AC4: 46199 | AD4: 46200 | AE4: 46201 | AF4: 46202 | AG4: 46203 | AH4: 46204 | AI4: 46205 | AJ4: 46206 | AK4: 46207 | AL4: 46208 | AM4: 46209 | AN4: 46210 | AO4: 46211 | AP4: 46212 | AQ4: 46213 | AR4: 46214 | AS4: 46215 | AT4: 46216 | AU4: 46217 | AV4: 46218 | AW4: 46219 | AX4: 46220 | AY4: 46221 | AZ4: 46222 | BA4: 46223 | BB4: 46224 | BC4: 46225 | BD4: 46226 | BE4: 46227 | BF4: 46228 | BG4: 46229 | BH4: 46230 | BI4: 46231 | BJ4: 46232 | BK4: 46233 | BL4: 46234 | BM4: 46235 | BN4: 46236 | BO4: 46237 | BP4: 46238 | BQ4: 46239 | BR4: 46240 | BS4: 46241 | BT4: 46242 | BU4: 46243 | BV4: 46244 | BW4: 46245 | BX4: 46246 | BY4: 46247 | BZ4: 46248 | CA4: 46249 | CB4: 46250 | CC4: 46251 | CD4: 46252 | CE4: 46253 | CF4: 46254 | CG4: 46255 | CH4: 46256 | CI4: 46257 | CJ4: 46258 | CK4: 46259 | CL4: 46260 | CM4: 46261 | CN4: 46262 | CO4: 46263 | CP4: 46264 | CQ4: 46265 | CR4: 46266 | CS4: 46267 | CT4: 46268 | CU4: 46269 | CV4: 46270 | CW4: 46271 | CX4: 46272 | CY4: 46273 | CZ4: 46274 | DA4: 46275 | DB4: 46276 | DC4: 46277 | DD4: 46278 | DE4: 46279 | DF4: 46280 | DG4: 46281 | DH4: 46282 | DI4: 46283 | DJ4: 46284 | DK4: 46285 | DL4: 46286 | DM4: 46287 | DN4: 46288 | DO4: 46289 | DP4: 46290 | DQ4: 46291 | DR4: 46292 | DS4: 46293 | DT4: 46294 | DU4: 46295
A5: ='Remediation Index'!A2 -> 1. Firewalls | B5: ='Remediation Index'!B2 -> FW-01 | C5: ='Remediation Index'!C2 -> Firewall Coverage | D5: IT / Network Operations | E5: =IF(ISNUMBER($F$2),$F$2,DATE(2026,6,9)) -> 46195 | F5: =IF(ISNUMBER($F$2),$F$2+30,DATE(2026,7,9)) -> 46225 | G5: =IF(AND(ISNUMBER(E5),ISNUMBER(F5)),F5-E5,0) -> 30 | H5: 0 | I5: =IF(H5="","",IF(H5=0,"Not Started",IF(H5>=1,"Complete","In Progress"))) -> Not Started
A6: ='Remediation Index'!A3 -> 1. Firewalls | B6: ='Remediation Index'!B3 -> FW-02 | C6: ='Remediation Index'!C3 -> Software Firewall on Untrusted Networks | D6: IT / Endpoint Management | E6: =IF(ISNUMBER($F$2),$F$2,DATE(2026,6,9)) -> 46195 | F6: =IF(ISNUMBER($F$2),$F$2+30,DATE(2026,7,9)) -> 46225 | G6: =IF(AND(ISNUMBER(E6),ISNUMBER(F6)),F6-E6,0) -> 30 | H6: 0 | I6: =IF(H6="","",IF(H6=0,"Not Started",IF(H6>=1,"Complete","In Progress"))) -> Not Started
A7: ='Remediation Index'!A4 -> 1. Firewalls | B7: ='Remediation Index'!B4 -> FW-03 | C7: ='Remediation Index'!C4 -> Default Administrative Password Change | D7: IT / Network Operations | E7: =IF(ISNUMBER($F$2),$F$2,DATE(2026,6,9)) -> 46195 | F7: =IF(ISNUMBER($F$2),$F$2+30,DATE(2026,7,9)) -> 46225 | G7: =IF(AND(ISNUMBER(E7),ISNUMBER(F7)),F7-E7,0) -> 30 | H7: 0 | I7: =IF(H7="","",IF(H7=0,"Not Started",IF(H7>=1,"Complete","In Progress"))) -> Not Started
A8: ='Remediation Index'!A5 -> 1. Firewalls | B8: ='Remediation Index'!B5 -> FW-04 | C8: ='Remediation Index'!C5 -> Administrative Interface Access Control | D8: IT / Network Operations | E8: =IF(ISNUMBER($F$2),$F$2,DATE(2026,6,9)) -> 46195 | F8: =IF(ISNUMBER($F$2),$F$2+30,DATE(2026,7,9)) -> 46225 | G8: =IF(AND(ISNUMBER(E8),ISNUMBER(F8)),F8-E8,0) -> 30 | H8: 0 | I8: =IF(H8="","",IF(H8=0,"Not Started",IF(H8>=1,"Complete","In Progress"))) -> Not Started
A9: ='Remediation Index'!A6 -> 1. Firewalls | B9: ='Remediation Index'!B6 -> FW-05 | C9: ='Remediation Index'!C6 -> Block Unauthenticated Inbound Connections | D9: IT / Network Operations | E9: =IF(ISNUMBER($F$2),$F$2,DATE(2026,6,9)) -> 46195 | F9: =IF(ISNUMBER($F$2),$F$2+30,DATE(2026,7,9)) -> 46225 | G9: =IF(AND(ISNUMBER(E9),ISNUMBER(F9)),F9-E9,0) -> 30 | H9: 0 | I9: =IF(H9="","",IF(H9=0,"Not Started",IF(H9>=1,"Complete","In Progress"))) -> Not Started
A10: ='Remediation Index'!A7 -> 1. Firewalls | B10: ='Remediation Index'!B7 -> FW-06 | C10: ='Remediation Index'!C7 -> Inbound Rule Approval and Documentation | D10: IT / Network Operations | E10: =IF(ISNUMBER($F$2),$F$2,DATE(2026,6,9)) -> 46195 | F10: =IF(ISNUMBER($F$2),$F$2+30,DATE(2026,7,9)) -> 46225 | G10: =IF(AND(ISNUMBER(E10),ISNUMBER(F10)),F10-E10,0) -> 30 | H10: 0 | I10: =IF(H10="","",IF(H10=0,"Not Started",IF(H10>=1,"Complete","In Progress"))) -> Not Started
A11: ='Remediation Index'!A8 -> 1. Firewalls | B11: ='Remediation Index'!B8 -> FW-07 | C11: ='Remediation Index'!C8 -> Removal of Unnecessary Firewall Rules | D11: IT / Network Operations | E11: =IF(ISNUMBER($F$2),$F$2,DATE(2026,6,9)) -> 46195 | F11: =IF(ISNUMBER($F$2),$F$2+30,DATE(2026,7,9)) -> 46225 | G11: =IF(AND(ISNUMBER(E11),ISNUMBER(F11)),F11-E11,0) -> 30 | H11: 0 | I11: =IF(H11="","",IF(H11=0,"Not Started",IF(H11>=1,"Complete","In Progress"))) -> Not Started
A12: ='Remediation Index'!A9 -> 2. Secure Configuration | B12: ='Remediation Index'!B9 -> SC-01 | C12: ='Remediation Index'!C9 -> Removal of Unnecessary User Accounts | D12: IT / Identity and Access Management | E12: =IF(ISNUMBER($F$2),$F$2,DATE(2026,6,9)) -> 46195 | F12: =IF(ISNUMBER($F$2),$F$2+30,DATE(2026,7,9)) -> 46225 | G12: =IF(AND(ISNUMBER(E12),ISNUMBER(F12)),F12-E12,0) -> 30 | H12: 0 | I12: =IF(H12="","",IF(H12=0,"Not Started",IF(H12>=1,"Complete","In Progress"))) -> Not Started
A13: ='Remediation Index'!A10 -> 2. Secure Configuration | B13: ='Remediation Index'!B10 -> SC-02 | C13: ='Remediation Index'!C10 -> Default and Guessable Password Changes | D13: IT / Identity and Access Management | E13: =IF(ISNUMBER($F$2),$F$2,DATE(2026,6,9)) -> 46195 | F13: =IF(ISNUMBER($F$2),$F$2+30,DATE(2026,7,9)) -> 46225 | G13: =IF(AND(ISNUMBER(E13),ISNUMBER(F13)),F13-E13,0) -> 30 | H13: 0 | I13: =IF(H13="","",IF(H13=0,"Not Started",IF(H13>=1,"Complete","In Progress"))) -> Not Started
A14: ='Remediation Index'!A11 -> 2. Secure Configuration | B14: ='Remediation Index'!B11 -> SC-03 | C14: ='Remediation Index'!C11 -> Removal of Unnecessary Software | D14: IT / Endpoint Management | E14: =IF(ISNUMBER($F$2),$F$2,DATE(2026,6,9)) -> 46195 | F14: =IF(ISNUMBER($F$2),$F$2+30,DATE(2026,7,9)) -> 46225 | G14: =IF(AND(ISNUMBER(E14),ISNUMBER(F14)),F14-E14,0) -> 30 | H14: 0 | I14: =IF(H14="","",IF(H14=0,"Not Started",IF(H14>=1,"Complete","In Progress"))) -> Not Started
A15: ='Remediation Index'!A12 -> 2. Secure Configuration | B15: ='Remediation Index'!B12 -> SC-04 | C15: ='Remediation Index'!C12 -> Auto-run Disabled | D15: IT / Endpoint Management | E15: =IF(ISNUMBER($F$2),$F$2,DATE(2026,6,9)) -> 46195 | F15: =IF(ISNUMBER($F$2),$F$2+30,DATE(2026,7,9)) -> 46225 | G15: =IF(AND(ISNUMBER(E15),ISNUMBER(F15)),F15-E15,0) -> 30 | H15: 0 | I15: =IF(H15="","",IF(H15=0,"Not Started",IF(H15>=1,"Complete","In Progress"))) -> Not Started
A16: ='Remediation Index'!A13 -> 2. Secure Configuration | B16: ='Remediation Index'!B13 -> SC-05 | C16: ='Remediation Index'!C13 -> Authentication Before Data Access | D16: IT / Identity and Access Management | E16: =IF(ISNUMBER($F$2),$F$2,DATE(2026,6,9)) -> 46195 | F16: =IF(ISNUMBER($F$2),$F$2+30,DATE(2026,7,9)) -> 46225 | G16: =IF(AND(ISNUMBER(E16),ISNUMBER(F16)),F16-E16,0) -> 30 | H16: 0 | I16: =IF(H16="","",IF(H16=0,"Not Started",IF(H16>=1,"Complete","In Progress"))) -> Not Started
... A36: ='Remediation Index'!A33 -> 5. Malware Protection | B36: ='Remediation Index'!B33 -> MP-03 | C36: ='Remediation Index'!C33 -> Application Allow Listing Configuration | D36: IT / Security Operations | E36: =IF(ISNUMBER($F$2),$F$2,DATE(2026,6,9)) -> 46195 | F36: =IF(ISNUMBER($F$2),$F$2+30,DATE(2026,7,9)) -> 46225 | G36: =IF(AND(ISNUMBER(E36),ISNUMBER(F36)),F36-E36,0) -> 30 | H36: 0 | I36: =IF(H36="","",IF(H36=0,"Not Started",IF(H36>=1,"Complete","In Progress"))) -> Not Started

Sheet RAID Log
A1: RAID Log - Cyber Essentials Assessment Programme
A2: RAID ID | B2: Type | C2: Category | D2: Title | E2: Description | F2: Date Raised | G2: Raised By | H2: Priority | I2: Probability (Risks only) | J2: Impact | K2: Score | L2: Owner | M2: Mitigation or Action | N2: Status | O2: Resolution Date | P2: Notes
A3: R001 | B3: Risk | C3: Programme | D3: Scope incomplete at submission | E3: Organisation may present an incomplete device inventory or fail to declare all cloud services, resulting in certification refusal. | G3: Programme Authority | H3: High | I3: Medium | J3: High | K3: 6 | L3: Lead Assessor | M3: Complete Scope and Org Context sheet fully before assessment commences. Cross-reference against cloud service billing records. | N3: Open
A4: A001 | B4: Assumption | C4: Technical | D4: Software firewalls are enabled by default | E4: Assuming that all laptops and desktops have native OS software firewalls enabled. Must be verified during assessment. | G4: Lead Assessor | H4: Medium | J4: Medium | L4: IT Owner | M4: Verify software firewall status during evidence gathering for FW-02. | N4: Open
A5: I001 | B5: Issue | C5: Programme | D5: Board signatory unavailable | E5: If the designated board signatory is unavailable at submission the certification cannot be awarded. Identify a qualified substitute. | G5: Programme Authority | H5: High | J5: High | L5: Programme Authority | M5: Identify primary and secondary board signatories at programme outset. | N5: Open
A6: D001 | B6: Dependency | C6: Technical | D6: Cloud service MFA configuration | E6: Evidence for UAC-04 (MFA for cloud services) depends on IT team exporting MFA configuration from each cloud platform. Allow sufficient lead time. | G6: Lead Assessor | H6: Medium | J6: Medium | L6: IT / IAM | M6: Issue evidence request to IT team at programme start. Specify required output format per platform. | N6: Open

Sheet Remediation Index
A1: Domain | B1: Item Ref | C1: Requirement Title | D1: Responsible Team | E1: Assessment Status | F1: Gantt Visibility
A2: ='Controls Assessment'!A4 -> 1. Firewalls | B2: ='Controls Assessment'!E4 -> FW-01 | C2: ='Controls Assessment'!C4 -> Firewall Coverage | D2: ='Controls Assessment'!Q4 -> IT / Network Operations | E2: ='Controls Assessment'!N4 | F2: =IF(E2="FAIL","INCLUDE","")
A3: ='Controls Assessment'!A5 -> 1. Firewalls | B3: ='Controls Assessment'!E5 -> FW-02 | C3: ='Controls Assessment'!C5 -> Software Firewall on Untrusted Networks | D3: ='Controls Assessment'!Q5 -> IT / Endpoint Management | E3: ='Controls Assessment'!N5 | F3: =IF(E3="FAIL","INCLUDE","")
A4: ='Controls Assessment'!A6 -> 1. Firewalls | B4: ='Controls Assessment'!E6 -> FW-03 | C4: ='Controls Assessment'!C6 -> Default Administrative Password Change | D4: ='Controls Assessment'!Q6 -> IT / Network Operations | E4: ='Controls Assessment'!N6 | F4: =IF(E4="FAIL","INCLUDE","")
A5: ='Controls Assessment'!A7 -> 1. Firewalls | B5: ='Controls Assessment'!E7 -> FW-04 | C5: ='Controls Assessment'!C7 -> Administrative Interface Access Control | D5: ='Controls Assessment'!Q7 -> IT / Network Operations | E5: ='Controls Assessment'!N7 | F5: =IF(E5="FAIL","INCLUDE","")
A6: ='Controls Assessment'!A8 -> 1. Firewalls | B6: ='Controls Assessment'!E8 -> FW-05 | C6: ='Controls Assessment'!C8 -> Block Unauthenticated Inbound Connections | D6: ='Controls Assessment'!Q8 -> IT / Network Operations | E6: ='Controls Assessment'!N8 | F6: =IF(E6="FAIL","INCLUDE","")
A7: ='Controls Assessment'!A9 -> 1. Firewalls | B7: ='Controls Assessment'!E9 -> FW-06 | C7: ='Controls Assessment'!C9 -> Inbound Rule Approval and Documentation | D7: ='Controls Assessment'!Q9 -> IT / Network Operations | E7: ='Controls Assessment'!N9 | F7: =IF(E7="FAIL","INCLUDE","")
A8: ='Controls Assessment'!A10 -> 1. Firewalls | B8: ='Controls Assessment'!E10 -> FW-07 | C8: ='Controls Assessment'!C10 -> Removal of Unnecessary Firewall Rules | D8: ='Controls Assessment'!Q10 -> IT / Network Operations | E8: ='Controls Assessment'!N10 | F8: =IF(E8="FAIL","INCLUDE","")
A9: ='Controls Assessment'!A11 -> 2. Secure Configuration | B9: ='Controls Assessment'!E11 -> SC-01 | C9: ='Controls Assessment'!C11 -> Removal of Unnecessary User Accounts | D9: ='Controls Assessment'!Q11 -> IT / Identity and Access Management | E9: ='Controls Assessment'!N11 | F9: =IF(E9="FAIL","INCLUDE","")
A10: ='Controls Assessment'!A12 -> 2. Secure Configuration | B10: ='Controls Assessment'!E12 -> SC-02 | C10: ='Controls Assessment'!C12 -> Default and Guessable Password Changes | D10: ='Controls Assessment'!Q12 -> IT / Identity and Access Management | E10: ='Controls Assessment'!N12 | F10: =IF(E10="FAIL","INCLUDE","")
A11: ='Controls Assessment'!A13 -> 2. Secure Configuration | B11: ='Controls Assessment'!E13 -> SC-03 | C11: ='Controls Assessment'!C13 -> Removal of Unnecessary Software | D11: ='Controls Assessment'!Q13 -> IT / Endpoint Management | E11: ='Controls Assessment'!N13 | F11: =IF(E11="FAIL","INCLUDE","")
A12: ='Controls Assessment'!A14 -> 2. Secure Configuration | B12: ='Controls Assessment'!E14 -> SC-04 | C12: ='Controls Assessment'!C14 -> Auto-run Disabled | D12: ='Controls Assessment'!Q14 -> IT / Endpoint Management | E12: ='Controls Assessment'!N14 | F12: =IF(E12="FAIL","INCLUDE","")
A13: ='Controls Assessment'!A15 -> 2. Secure Configuration | B13: ='Controls Assessment'!E15 -> SC-05 | C13: ='Controls Assessment'!C15 -> Authentication Before Data Access | D13: ='Controls Assessment'!Q15 -> IT / Identity and Access Management | E13: ='Controls Assessment'!N15 | F13: =IF(E13="FAIL","INCLUDE","")
... A33: ='Controls Assessment'!A35 -> 5. Malware Protection | B33: ='Controls Assessment'!E35 -> MP-03 | C33: ='Controls Assessment'!C35 -> Application Allow Listing Configuration | D33: ='Controls Assessment'!Q35 -> IT / Security Operations | E33: ='Controls Assessment'!N35 | F33: =IF(E33="FAIL","INCLUDE","")
A35: Working sheet. All data is formula-linked from the Controls Assessment. The Gantt Visibility column drives Remediation Plan row highlighting. Do not edit values directly in this sheet.
